gender,SeniorCitizen,tenure,InternetService,Contract,MonthlyCharges,TotalCharges,PaymentMethod,Churn
Male,No,2,DSL,Month-to-month,53.85,108.15,Mailed check,Yes
Female,No,2,Fiber optic,Month-to-month,70.7,151.65,Electronic check,Yes
Female,No,8,Fiber optic,Month-to-month,99.65,820.5,Electronic check,Yes
Female,No,10,DSL,Month-to-month,55.2,528.35,Credit card (automatic),Yes
Male,Yes,1,DSL,Month-to-month,39.65,39.65,Electronic check,Yes
Male,No,1,No,Month-to-month,20.15,20.15,Mailed check,Yes
Male,No,1,DSL,Month-to-month,30.2,30.2,Electronic check,Yes
Male,No,5,Fiber optic,Month-to-month,69.7,316.9,Electronic check,Yes
Female,No,11,Fiber optic,Month-to-month,97.85,1105.4,Bank transfer (automatic),Yes
Female,No,2,Fiber optic,Month-to-month,80.65,144.15,Electronic check,Yes
Female,Yes,8,Fiber optic,Month-to-month,80.65,633.3,Credit card (automatic),Yes
Female,No,9,Fiber optic,Month-to-month,94.4,857.25,Electronic check,Yes
Female,No,1,Fiber optic,Month-to-month,79.35,79.35,Electronic check,Yes
Female,No,7,Fiber optic,Month-to-month,75.15,496.9,Bank transfer (automatic),Yes
Female,No,12,Fiber optic,Month-to-month,78.95,927.35,Electronic check,Yes
Male,No,5,No,Month-to-month,21.05,113.85,Mailed check,Yes
Female,No,10,Fiber optic,Month-to-month,100.25,1064.65,Electronic check,Yes
Male,No,3,Fiber optic,Month-to-month,74.4,229.55,Electronic check,Yes
Male,No,1,DSL,Month-to-month,35.45,35.45,Electronic check,Yes
Male,No,2,DSL,Month-to-month,44.35,81.25,Electronic check,Yes
Female,Yes,1,Fiber optic,Month-to-month,70.45,70.45,Mailed check,Yes
Female,No,8,DSL,Month-to-month,71.15,563.65,Electronic check,Yes
Male,No,1,DSL,Month-to-month,45.65,45.65,Electronic check,Yes
Male,No,7,Fiber optic,Month-to-month,95.0,655.5,Mailed check,Yes
Female,No,4,Fiber optic,Month-to-month,70.9,273.0,Bank transfer (automatic),Yes
Female,No,2,Fiber optic,Month-to-month,104.4,242.8,Electronic check,Yes
Female,Yes,7,Fiber optic,Month-to-month,76.45,503.6,Bank transfer (automatic),Yes
Female,No,1,DSL,Month-to-month,29.95,29.95,Bank transfer (automatic),Yes
Male,No,8,Fiber optic,Month-to-month,84.5,662.65,Bank transfer (automatic),Yes
Female,No,1,DSL,Month-to-month,24.8,24.8,Electronic check,Yes
Male,No,6,Fiber optic,Month-to-month,91.0,531.0,Electronic check,Yes
Male,No,1,Fiber optic,Month-to-month,79.9,79.9,Electronic check,Yes
Male,No,2,DSL,Month-to-month,46.0,84.5,Credit card (automatic),Yes
Female,No,4,Fiber optic,Month-to-month,70.15,268.35,Electronic check,Yes
Male,No,4,DSL,Month-to-month,50.05,179.35,Mailed check,Yes
Female,No,1,DSL,Month-to-month,55.2,55.2,Mailed check,Yes
Male,No,1,Fiber optic,Month-to-month,84.6,84.6,Mailed check,Yes
Male,No,2,DSL,Month-to-month,54.4,114.1,Mailed check,Yes
Female,Yes,11,Fiber optic,Month-to-month,95.0,1120.3,Electronic check,Yes
Male,No,1,DSL,Month-to-month,48.55,48.55,Mailed check,Yes
Female,No,2,Fiber optic,Month-to-month,70.4,147.15,Electronic check,Yes
Male,Yes,1,DSL,Month-to-month,40.2,40.2,Electronic check,Yes
Female,No,2,DSL,Month-to-month,44.6,80.55,Credit card (automatic),Yes
Male,Yes,3,DSL,Month-to-month,41.15,132.2,Electronic check,Yes
Male,No,1,DSL,Month-to-month,24.8,24.8,Bank transfer (automatic),Yes
Male,No,1,Fiber optic,Month-to-month,70.6,70.6,Mailed check,Yes
Male,No,5,Fiber optic,Month-to-month,85.4,401.1,Electronic check,Yes
Male,No,1,Fiber optic,Month-to-month,70.0,70.0,Electronic check,Yes
Male,Yes,8,Fiber optic,Month-to-month,74.5,606.55,Electronic check,Yes
Male,No,10,DSL,Month-to-month,44.85,435.4,Credit card (automatic),Yes
Female,No,1,Fiber optic,Month-to-month,73.6,73.6,Mailed check,Yes
Female,Yes,4,Fiber optic,Month-to-month,95.45,396.1,Electronic check,Yes
Male,No,5,Fiber optic,Month-to-month,80.6,415.55,Electronic check,Yes
Female,Yes,2,Fiber optic,Month-to-month,70.35,139.05,Electronic check,Yes
Female,No,7,Fiber optic,Month-to-month,73.85,511.25,Electronic check,Yes
Female,No,2,Fiber optic,Month-to-month,80.6,155.8,Mailed check,Yes
Female,No,2,Fiber optic,Month-to-month,90.4,168.2,Electronic check,Yes
Male,No,4,Fiber optic,Month-to-month,84.8,371.9,Bank transfer (automatic),Yes
Female,No,10,Fiber optic,Month-to-month,80.25,846.0,Bank transfer (automatic),Yes
Male,No,5,Fiber optic,Month-to-month,96.5,492.55,Bank transfer (automatic),Yes
Male,No,2,Fiber optic,Month-to-month,85.65,181.5,Electronic check,Yes
Male,No,1,DSL,Month-to-month,50.65,50.65,Mailed check,Yes
Male,No,1,Fiber optic,Month-to-month,90.85,90.85,Credit card (automatic),Yes
Male,Yes,11,No,Month-to-month,19.95,214.75,Mailed check,Yes
Female,No,1,No,Month-to-month,19.9,19.9,Mailed check,Yes
Male,No,1,No,Month-to-month,19.6,19.6,Mailed check,Yes
Male,Yes,3,Fiber optic,Month-to-month,81.35,233.7,Electronic check,Yes
Female,Yes,1,Fiber optic,Month-to-month,75.3,75.3,Bank transfer (automatic),Yes
Male,No,12,DSL,Month-to-month,45.4,518.9,Bank transfer (automatic),Yes
Female,No,1,Fiber optic,Month-to-month,69.55,69.55,Mailed check,Yes
Male,No,4,Fiber optic,Month-to-month,101.15,385.9,Electronic check,Yes
Male,No,7,Fiber optic,Month-to-month,99.8,673.25,Electronic check,Yes
Male,No,1,DSL,Month-to-month,55.0,55.0,Electronic check,Yes
Female,No,1,Fiber optic,Month-to-month,74.7,74.7,Electronic check,Yes
Male,No,5,Fiber optic,Month-to-month,96.1,453.4,Electronic check,Yes
Female,No,8,Fiber optic,Month-to-month,83.55,680.05,Electronic check,Yes
Male,No,1,Fiber optic,Month-to-month,74.35,74.35,Electronic check,Yes
Female,No,2,Fiber optic,Month-to-month,74.4,139.4,Electronic check,Yes
Female,Yes,5,DSL,Month-to-month,28.45,131.05,Electronic check,Yes
Female,No,12,Fiber optic,Month-to-month,99.7,1238.45,Bank transfer (automatic),Yes
Male,No,2,Fiber optic,Month-to-month,94.2,167.5,Electronic check,Yes
Female,No,6,Fiber optic,Month-to-month,80.5,502.85,Electronic check,Yes
Female,Yes,5,Fiber optic,Month-to-month,74.35,334.8,Electronic check,Yes
Female,No,1,Fiber optic,Month-to-month,85.0,85.0,Electronic check,Yes
Male,No,10,Fiber optic,Month-to-month,86.05,834.1,Bank transfer (automatic),Yes
Female,No,12,No,Month-to-month,19.0,233.55,Mailed check,Yes
Female,No,1,Fiber optic,Month-to-month,75.3,75.3,Mailed check,Yes
Female,Yes,4,Fiber optic,Month-to-month,89.2,346.2,Electronic check,Yes
Female,Yes,1,Fiber optic,Month-to-month,85.7,85.7,Electronic check,Yes
Female,No,12,DSL,Month-to-month,61.65,713.75,Mailed check,Yes
Male,No,9,DSL,Month-to-month,29.95,248.95,Electronic check,Yes
Female,No,9,DSL,Month-to-month,65.0,663.05,Mailed check,Yes
Female,No,7,No,Month-to-month,20.0,137.6,Bank transfer (automatic),Yes
Male,No,10,Fiber optic,Month-to-month,85.25,855.3,Electronic check,Yes
Male,No,1,Fiber optic,Month-to-month,89.55,89.55,Electronic check,Yes
Male,No,1,DSL,Month-to-month,45.7,45.7,Mailed check,Yes
Female,Yes,2,Fiber optic,Month-to-month,89.5,161.5,Electronic check,Yes
Female,No,3,Fiber optic,Month-to-month,69.55,222.3,Bank transfer (automatic),Yes
Female,No,1,Fiber optic,Month-to-month,74.6,74.6,Mailed check,Yes
Female,Yes,8,No,Month-to-month,19.65,164.3,Electronic check,Yes
Female,No,4,DSL,Month-to-month,24.25,96.05,Mailed check,Yes
Female,No,2,Fiber optic,Month-to-month,69.65,145.15,Electronic check,Yes
Female,No,4,DSL,Month-to-month,45.65,191.05,Mailed check,Yes
Female,No,1,Fiber optic,Month-to-month,75.05,75.05,Mailed check,Yes
Female,No,2,DSL,Month-to-month,34.7,62.25,Electronic check,Yes
Male,No,1,Fiber optic,Month-to-month,80.0,80.0,Electronic check,Yes
Male,Yes,2,DSL,Month-to-month,49.25,91.1,Electronic check,Yes
Female,No,3,Fiber optic,Month-to-month,75.1,270.7,Credit card (automatic),Yes
Male,No,3,DSL,Month-to-month,50.15,168.15,Electronic check,Yes
Male,No,1,No,Month-to-month,19.55,19.55,Mailed check,Yes
Female,No,4,Fiber optic,Month-to-month,85.95,381.3,Electronic check,Yes
Male,No,3,DSL,Month-to-month,45.35,141.5,Electronic check,Yes
Male,No,10,Fiber optic,Month-to-month,98.55,1008.55,Electronic check,Yes
Male,No,3,Fiber optic,Month-to-month,70.3,208.85,Electronic check,Yes
Female,No,1,No,Month-to-month,19.9,19.9,Mailed check,Yes
Female,No,5,Fiber optic,Month-to-month,88.9,454.15,Mailed check,Yes
Male,No,2,Fiber optic,Month-to-month,82.0,184.65,Electronic check,Yes
Male,No,2,DSL,Month-to-month,45.35,89.5,Electronic check,Yes
Female,No,1,DSL,Month-to-month,52.2,52.2,Electronic check,Yes
Female,No,10,Fiber optic,Month-to-month,98.5,1058.25,Electronic check,Yes
Male,No,6,Fiber optic,Month-to-month,85.35,489.45,Electronic check,Yes
Male,No,1,Fiber optic,Month-to-month,69.55,69.55,Electronic check,Yes
Female,No,2,Fiber optic,Month-to-month,86.2,178.7,Mailed check,Yes
Male,Yes,7,Fiber optic,Month-to-month,95.6,644.35,Bank transfer (automatic),Yes
Female,Yes,4,Fiber optic,Month-to-month,78.85,292.8,Electronic check,Yes
Male,No,1,DSL,Month-to-month,44.4,44.4,Mailed check,Yes
Male,No,1,Fiber optic,Month-to-month,89.9,89.9,Electronic check,Yes
Male,No,1,DSL,Month-to-month,50.8,50.8,Electronic check,Yes
Female,No,3,Fiber optic,Month-to-month,95.1,307.4,Electronic check,Yes
Male,No,4,Fiber optic,Month-to-month,80.6,319.15,Mailed check,Yes
Male,No,10,Fiber optic,Month-to-month,110.1,1043.3,Electronic check,Yes
Female,No,6,Fiber optic,Month-to-month,83.9,497.55,Electronic check,Yes
Female,No,1,DSL,Month-to-month,24.6,24.6,Electronic check,Yes
Female,No,12,Fiber optic,Month-to-month,98.9,1120.95,Bank transfer (automatic),Yes
Female,No,9,Fiber optic,Month-to-month,98.3,923.5,Credit card (automatic),Yes
Male,Yes,9,Fiber optic,Month-to-month,100.5,918.6,Electronic check,Yes
Male,Yes,10,Fiber optic,Month-to-month,72.85,688.65,Electronic check,Yes
Male,Yes,1,Fiber optic,Month-to-month,73.55,73.55,Electronic check,Yes
Female,Yes,3,Fiber optic,Month-to-month,79.4,205.05,Electronic check,Yes
Female,Yes,4,Fiber optic,Month-to-month,84.6,360.1,Electronic check,Yes
Female,No,6,Fiber optic,Month-to-month,79.05,434.5,Electronic check,Yes
Female,No,3,Fiber optic,Month-to-month,74.4,215.8,Bank transfer (automatic),Yes
Male,Yes,2,DSL,Month-to-month,44.95,85.15,Mailed check,Yes
Male,No,1,DSL,Month-to-month,44.7,44.7,Credit card (automatic),Yes
Male,No,1,DSL,Month-to-month,45.7,45.7,Mailed check,Yes
Male,Yes,8,Fiber optic,Month-to-month,100.3,832.35,Credit card (automatic),Yes
Male,No,7,No,Month-to-month,19.25,112.3,Electronic check,Yes
Female,No,2,Fiber optic,Month-to-month,96.0,174.8,Electronic check,Yes
Female,No,1,Fiber optic,Month-to-month,90.55,90.55,Electronic check,Yes
Male,No,1,Fiber optic,Month-to-month,69.9,69.9,Electronic check,Yes
Male,No,1,Fiber optic,Month-to-month,86.6,86.6,Electronic check,Yes
Female,Yes,4,Fiber optic,Month-to-month,94.3,424.45,Electronic check,Yes
Female,No,7,Fiber optic,Month-to-month,95.35,660.9,Electronic check,Yes
Female,No,2,Fiber optic,Month-to-month,68.95,119.75,Electronic check,Yes
Male,Yes,8,Fiber optic,Month-to-month,100.6,819.4,Electronic check,Yes
Female,Yes,3,Fiber optic,Month-to-month,88.3,273.75,Mailed check,Yes
Female,Yes,8,Fiber optic,Month-to-month,92.1,729.95,Electronic check,Yes
Female,No,1,No,Month-to-month,19.65,19.65,Mailed check,Yes
Male,Yes,12,DSL,Month-to-month,43.65,526.95,Electronic check,Yes
Female,No,5,DSL,Month-to-month,39.5,210.75,Electronic check,Yes
Female,No,5,Fiber optic,Month-to-month,80.0,412.5,Electronic check,Yes
Female,No,10,Fiber optic,Month-to-month,84.7,832.05,Mailed check,Yes
Male,No,2,Fiber optic,Month-to-month,89.55,185.55,Bank transfer (automatic),Yes
Female,No,2,Fiber optic,Month-to-month,69.75,144.55,Bank transfer (automatic),Yes
Female,No,2,DSL,Month-to-month,49.05,91.1,Credit card (automatic),Yes
Male,No,7,Fiber optic,Month-to-month,98.05,713.0,Bank transfer (automatic),Yes
Male,No,2,Fiber optic,Month-to-month,80.95,171.15,Electronic check,Yes
Female,Yes,11,Fiber optic,Month-to-month,89.7,1047.7,Bank transfer (automatic),Yes
Male,No,3,DSL,Month-to-month,56.15,168.15,Mailed check,Yes
Female,No,4,Fiber optic,Month-to-month,94.4,387.2,Bank transfer (automatic),Yes
Male,No,7,Fiber optic,Month-to-month,74.65,544.55,Mailed check,Yes
Female,Yes,11,Fiber optic,Month-to-month,104.05,1133.65,Bank transfer (automatic),Yes
Male,No,1,DSL,Month-to-month,35.55,35.55,Electronic check,Yes
Female,No,2,Fiber optic,Month-to-month,95.15,196.9,Electronic check,Yes
Female,Yes,3,Fiber optic,Month-to-month,80.4,224.05,Electronic check,Yes
Male,No,1,DSL,Month-to-month,31.35,31.35,Mailed check,Yes
Female,No,12,Fiber optic,Month-to-month,89.75,1052.4,Bank transfer (automatic),Yes
Male,No,1,No,Month-to-month,19.85,19.85,Electronic check,Yes
Female,No,6,Fiber optic,Month-to-month,109.9,669.45,Credit card (automatic),Yes
Female,No,1,DSL,Month-to-month,60.15,60.15,Electronic check,Yes
Male,No,7,Fiber optic,Month-to-month,90.45,593.45,Electronic check,Yes
Male,No,1,Fiber optic,Month-to-month,74.9,74.9,Electronic check,Yes
Female,No,1,Fiber optic,Month-to-month,80.25,80.25,Electronic check,Yes
Female,No,11,DSL,Month-to-month,66.35,740.8,Electronic check,Yes
Female,No,3,Fiber optic,Month-to-month,80.3,250.05,Electronic check,Yes
Female,No,2,Fiber optic,Month-to-month,75.9,143.35,Electronic check,Yes
Male,No,1,DSL,Month-to-month,45.85,45.85,Mailed check,Yes
Male,No,3,Fiber optic,Month-to-month,76.95,228.4,Electronic check,Yes
Male,No,1,DSL,Month-to-month,45.3,45.3,Electronic check,Yes
Female,No,11,Fiber optic,Month-to-month,90.15,987.95,Electronic check,Yes
Male,No,1,DSL,Month-to-month,45.05,45.05,Mailed check,Yes
Female,No,1,Fiber optic,Month-to-month,75.8,75.8,Electronic check,Yes
Female,No,7,Fiber optic,Month-to-month,79.3,523.15,Electronic check,Yes
Female,No,2,DSL,Month-to-month,30.9,59.05,Electronic check,Yes
Male,Yes,7,Fiber optic,Month-to-month,89.5,676.7,Electronic check,Yes
Male,No,8,Fiber optic,Month-to-month,75.0,632.95,Electronic check,Yes
Male,No,6,DSL,Month-to-month,44.75,270.95,Electronic check,Yes
Female,No,11,DSL,Month-to-month,44.05,483.7,Electronic check,Yes
Male,No,1,No,Month-to-month,19.45,19.45,Mailed check,Yes
Female,No,4,No,Month-to-month,20.35,76.35,Mailed check,Yes
Female,Yes,1,Fiber optic,Month-to-month,69.25,69.25,Electronic check,Yes
Female,Yes,1,DSL,Month-to-month,25.2,25.2,Electronic check,Yes
Male,No,2,DSL,Month-to-month,45.0,96.45,Mailed check,Yes
Male,No,1,No,Month-to-month,20.15,20.15,Mailed check,Yes
Male,No,3,DSL,Month-to-month,54.7,169.45,Credit card (automatic),Yes
Male,No,10,Fiber optic,Month-to-month,79.95,857.2,Electronic check,Yes
Female,No,9,Fiber optic,Month-to-month,94.75,889.9,Electronic check,Yes
Male,No,4,Fiber optic,Month-to-month,78.45,330.05,Electronic check,Yes
Male,No,4,Fiber optic,Month-to-month,70.2,237.95,Electronic check,Yes
Male,No,10,Fiber optic,Month-to-month,85.6,813.85,Electronic check,Yes
Female,Yes,1,Fiber optic,Month-to-month,79.2,79.2,Electronic check,Yes
Female,No,1,DSL,Month-to-month,49.95,49.95,Bank transfer (automatic),Yes
Female,Yes,4,Fiber optic,Month-to-month,99.8,442.85,Credit card (automatic),Yes
Female,No,1,Fiber optic,Month-to-month,76.0,76.0,Electronic check,Yes
Female,Yes,2,Fiber optic,Month-to-month,93.85,170.85,Electronic check,Yes
Male,Yes,9,Fiber optic,Month-to-month,84.4,732.5,Credit card (automatic),Yes
Male,No,1,DSL,Month-to-month,50.45,50.45,Electronic check,Yes
Male,No,12,Fiber optic,Month-to-month,99.95,1132.75,Mailed check,Yes
Female,No,2,Fiber optic,Month-to-month,91.4,193.6,Electronic check,Yes
Female,Yes,5,Fiber optic,Month-to-month,75.55,349.65,Credit card (automatic),Yes
Male,No,4,Fiber optic,Month-to-month,80.8,332.45,Credit card (automatic),Yes
Male,No,1,No,Month-to-month,20.55,20.55,Electronic check,Yes
Male,No,5,Fiber optic,Month-to-month,85.3,424.15,Electronic check,Yes
Female,No,4,Fiber optic,Month-to-month,70.4,281.0,Electronic check,Yes
Female,No,2,DSL,Month-to-month,55.05,102.75,Credit card (automatic),Yes
Male,Yes,1,Fiber optic,Month-to-month,74.7,74.7,Electronic check,Yes
Female,Yes,1,DSL,Month-to-month,25.8,25.8,Mailed check,Yes
Female,No,2,DSL,Month-to-month,42.6,72.4,Electronic check,Yes
Male,No,2,Fiber optic,Month-to-month,90.0,190.05,Credit card (automatic),Yes
Male,No,8,Fiber optic,Month-to-month,100.85,819.55,Electronic check,Yes
Female,No,5,Fiber optic,Month-to-month,69.95,330.15,Electronic check,Yes
Male,No,1,DSL,Month-to-month,45.85,45.85,Mailed check,Yes
Female,No,1,Fiber optic,Month-to-month,91.7,91.7,Electronic check,Yes
Male,No,1,Fiber optic,Month-to-month,74.95,74.95,Electronic check,Yes
Male,Yes,10,Fiber optic,Month-to-month,95.35,898.35,Electronic check,Yes
Female,Yes,3,DSL,Month-to-month,45.0,127.1,Electronic check,Yes
Female,No,7,DSL,Month-to-month,59.5,415.95,Mailed check,Yes
Male,Yes,12,Fiber optic,Month-to-month,80.45,950.2,Electronic check,Yes
Male,Yes,2,Fiber optic,Month-to-month,74.7,165.4,Electronic check,Yes
Male,Yes,1,Fiber optic,Month-to-month,88.8,88.8,Electronic check,Yes
Female,No,9,Fiber optic,Month-to-month,75.75,655.9,Bank transfer (automatic),Yes
Male,No,11,Fiber optic,Month-to-month,79.5,868.5,Bank transfer (automatic),Yes
Female,No,1,Fiber optic,Month-to-month,85.8,85.8,Mailed check,Yes
Male,Yes,1,Fiber optic,Month-to-month,79.1,79.1,Electronic check,Yes
Female,No,3,DSL,Month-to-month,44.3,134.5,Mailed check,Yes
Male,No,5,Fiber optic,Month-to-month,69.75,324.6,Electronic check,Yes
Male,Yes,1,DSL,Month-to-month,50.15,50.15,Mailed check,Yes
Female,No,1,DSL,Month-to-month,34.7,34.7,Electronic check,Yes
Male,No,3,Fiber optic,Month-to-month,85.3,264.8,Electronic check,Yes
Male,No,1,Fiber optic,Month-to-month,99.75,99.75,Electronic check,Yes
Male,No,4,DSL,Month-to-month,74.4,299.7,Electronic check,Yes
Female,No,9,Fiber optic,Month-to-month,74.25,639.65,Credit card (automatic),Yes
Male,No,1,DSL,Month-to-month,59.85,59.85,Electronic check,Yes
Female,Yes,1,Fiber optic,Month-to-month,69.6,69.6,Electronic check,Yes
Male,No,9,DSL,Month-to-month,45.4,418.8,Electronic check,Yes
Female,No,1,No,Month-to-month,19.5,19.5,Mailed check,Yes
Male,No,1,Fiber optic,Month-to-month,69.9,69.9,Electronic check,Yes
Female,No,2,Fiber optic,Month-to-month,87.15,183.75,Bank transfer (automatic),Yes
Female,No,3,Fiber optic,Month-to-month,84.75,264.85,Bank transfer (automatic),Yes
Male,No,2,Fiber optic,Month-to-month,79.0,143.65,Electronic check,Yes
Male,No,1,Fiber optic,Month-to-month,71.65,71.65,Electronic check,Yes
Female,No,4,No,Month-to-month,20.35,77.5,Mailed check,Yes
Female,No,12,Fiber optic,Month-to-month,78.1,947.3,Bank transfer (automatic),Yes
Female,No,10,Fiber optic,Month-to-month,98.7,973.25,Electronic check,Yes
Female,No,1,Fiber optic,Month-to-month,76.35,76.35,Electronic check,Yes
Male,Yes,1,DSL,Month-to-month,45.1,45.1,Electronic check,Yes
Male,No,1,No,Month-to-month,20.05,20.05,Bank transfer (automatic),Yes
Male,No,10,DSL,Month-to-month,45.55,402.6,Electronic check,Yes
Female,No,2,DSL,Month-to-month,35.1,68.75,Electronic check,Yes
Male,No,1,DSL,Month-to-month,46.2,46.2,Credit card (automatic),Yes
Female,No,1,DSL,Month-to-month,45.15,45.15,Electronic check,Yes
Male,Yes,1,DSL,Month-to-month,43.3,43.3,Electronic check,Yes
Female,No,1,DSL,Month-to-month,45.95,45.95,Mailed check,Yes
Female,No,3,Fiber optic,Month-to-month,83.75,247.25,Electronic check,Yes
Male,No,1,Fiber optic,Month-to-month,70.05,70.05,Electronic check,Yes
Male,No,2,Fiber optic,Month-to-month,86.0,165.45,Electronic check,Yes
Female,No,1,No,Month-to-month,21.0,21.0,Electronic check,Yes
Female,Yes,1,DSL,Month-to-month,45.1,45.1,Mailed check,Yes
Female,Yes,5,Fiber optic,Month-to-month,78.95,378.4,Electronic check,Yes
Male,No,1,DSL,Month-to-month,50.9,50.9,Mailed check,Yes
Female,No,3,Fiber optic,Month-to-month,79.1,246.5,Electronic check,Yes
Male,No,8,DSL,Month-to-month,25.5,215.2,Mailed check,Yes
Female,No,2,Fiber optic,Month-to-month,80.75,159.45,Electronic check,Yes
Male,No,1,Fiber optic,Month-to-month,75.35,75.35,Electronic check,Yes
Male,No,1,Fiber optic,Month-to-month,75.45,75.45,Electronic check,Yes
Female,No,7,Fiber optic,Month-to-month,81.1,576.65,Electronic check,Yes
Male,No,11,Fiber optic,Month-to-month,74.95,825.7,Electronic check,Yes
Male,Yes,1,Fiber optic,Month-to-month,93.55,93.55,Electronic check,Yes
Female,No,12,DSL,Month-to-month,29.2,309.1,Mailed check,Yes
Female,No,1,DSL,Month-to-month,45.7,45.7,Electronic check,Yes
Female,Yes,1,Fiber optic,Month-to-month,69.95,69.95,Electronic check,Yes
Female,No,2,DSL,Month-to-month,44.6,97.1,Electronic check,Yes
Male,No,5,DSL,Month-to-month,47.15,223.15,Electronic check,Yes
Male,No,2,Fiber optic,Month-to-month,80.2,181.1,Electronic check,Yes
Female,No,4,Fiber optic,Month-to-month,87.1,341.45,Mailed check,Yes
Male,No,5,Fiber optic,Month-to-month,75.9,357.75,Bank transfer (automatic),Yes
Female,No,10,Fiber optic,Month-to-month,86.45,830.85,Electronic check,Yes
Female,No,1,DSL,Month-to-month,45.3,45.3,Mailed check,Yes
Female,Yes,5,Fiber optic,Month-to-month,81.0,371.65,Electronic check,Yes
Male,No,1,No,Month-to-month,20.2,20.2,Mailed check,Yes
Female,No,2,DSL,Month-to-month,49.4,106.55,Electronic check,Yes
Male,No,7,DSL,Month-to-month,48.7,340.25,Electronic check,Yes
Female,No,1,Fiber optic,Month-to-month,95.6,95.6,Electronic check,Yes
Female,No,1,Fiber optic,Month-to-month,71.35,71.35,Electronic check,Yes
Female,No,1,No,Month-to-month,20.15,20.15,Mailed check,Yes
Male,No,1,Fiber optic,Month-to-month,69.75,69.75,Bank transfer (automatic),Yes
Female,No,4,DSL,Month-to-month,33.65,137.85,Electronic check,Yes
Male,No,1,Fiber optic,Month-to-month,79.95,79.95,Electronic check,Yes
Female,No,1,No,Month-to-month,19.3,19.3,Electronic check,Yes
Female,No,8,Fiber optic,Month-to-month,85.2,627.4,Credit card (automatic),Yes
Female,No,3,Fiber optic,Month-to-month,75.25,242.0,Electronic check,Yes
Male,No,1,DSL,Month-to-month,54.35,54.35,Electronic check,Yes
Male,No,5,DSL,Month-to-month,24.95,100.4,Electronic check,Yes
Male,No,1,Fiber optic,Month-to-month,75.3,75.3,Electronic check,Yes
Female,Yes,1,Fiber optic,Month-to-month,70.55,70.55,Electronic check,Yes
Female,No,2,Fiber optic,Month-to-month,80.55,184.1,Electronic check,Yes
Female,No,2,Fiber optic,Month-to-month,75.8,160.75,Electronic check,Yes
Male,Yes,7,Fiber optic,Month-to-month,74.4,527.9,Mailed check,Yes
Female,Yes,2,Fiber optic,Month-to-month,88.55,179.25,Electronic check,Yes
Female,Yes,1,Fiber optic,Month-to-month,91.3,91.3,Electronic check,Yes
Male,No,1,Fiber optic,Month-to-month,79.5,79.5,Electronic check,Yes
Male,Yes,7,Fiber optic,Month-to-month,70.1,467.55,Mailed check,Yes
Female,No,7,Fiber optic,Month-to-month,86.25,587.1,Electronic check,Yes
Female,Yes,1,Fiber optic,Month-to-month,100.8,100.8,Electronic check,Yes
Male,No,10,Fiber optic,Month-to-month,70.0,740.0,Electronic check,Yes
Female,No,1,Fiber optic,Month-to-month,102.45,102.45,Electronic check,Yes
Female,No,3,Fiber optic,Month-to-month,80.1,217.55,Credit card (automatic),Yes
Female,No,2,Fiber optic,Month-to-month,80.2,146.05,Electronic check,Yes
Female,No,6,Fiber optic,Month-to-month,98.15,567.45,Bank transfer (automatic),Yes
Male,No,12,Fiber optic,Month-to-month,112.95,1384.75,Mailed check,Yes
Female,No,1,Fiber optic,Month-to-month,70.9,70.9,Mailed check,Yes
Female,Yes,3,Fiber optic,Month-to-month,86.85,220.95,Electronic check,Yes
Male,No,1,Fiber optic,Month-to-month,74.5,74.5,Electronic check,Yes
Male,No,1,Fiber optic,Month-to-month,71.55,71.55,Mailed check,Yes
Female,No,4,Fiber optic,Month-to-month,85.65,321.65,Electronic check,Yes
Male,No,12,Fiber optic,Month-to-month,106.7,1253.9,Electronic check,Yes
Male,No,1,DSL,Month-to-month,25.15,25.15,Electronic check,Yes
Male,No,2,DSL,Month-to-month,47.8,92.45,Electronic check,Yes
Female,No,1,DSL,Month-to-month,45.95,45.95,Mailed check,Yes
Female,Yes,1,Fiber optic,Month-to-month,70.15,70.15,Electronic check,Yes
Female,No,1,Fiber optic,Month-to-month,85.55,85.55,Credit card (automatic),Yes
Male,No,1,Fiber optic,Month-to-month,88.35,88.35,Electronic check,Yes
Female,No,8,Fiber optic,Month-to-month,94.2,777.3,Electronic check,Yes
Female,No,5,Fiber optic,Month-to-month,96.25,512.45,Electronic check,Yes
Female,No,2,Fiber optic,Month-to-month,70.7,141.45,Electronic check,Yes
Male,No,1,DSL,Month-to-month,35.9,35.9,Electronic check,Yes
Male,Yes,2,DSL,Month-to-month,24.45,47.5,Mailed check,Yes
Female,No,8,Fiber optic,Month-to-month,103.35,847.3,Bank transfer (automatic),Yes
Male,Yes,7,Fiber optic,Month-to-month,84.8,546.95,Electronic check,Yes
Female,No,5,Fiber optic,Month-to-month,89.35,461.7,Electronic check,Yes
Female,No,1,Fiber optic,Month-to-month,77.15,77.15,Electronic check,Yes
Male,No,1,DSL,Month-to-month,35.25,35.25,Bank transfer (automatic),Yes
Male,No,4,DSL,Month-to-month,48.55,201.0,Electronic check,Yes
Male,No,2,Fiber optic,Month-to-month,75.7,189.2,Electronic check,Yes
Male,No,1,Fiber optic,Month-to-month,74.25,74.25,Mailed check,Yes
Male,Yes,1,Fiber optic,Month-to-month,69.5,69.5,Bank transfer (automatic),Yes
Male,No,1,No,Month-to-month,19.4,19.4,Mailed check,Yes
Female,No,9,Fiber optic,Month-to-month,83.3,803.3,Electronic check,Yes
Female,No,8,Fiber optic,Month-to-month,80.1,679.3,Bank transfer (automatic),Yes
Female,No,1,DSL,Month-to-month,54.75,54.75,Mailed check,Yes
Female,No,1,Fiber optic,Month-to-month,94.6,94.6,Electronic check,Yes
Male,Yes,3,Fiber optic,Month-to-month,76.05,231.8,Electronic check,Yes
Male,Yes,1,Fiber optic,Month-to-month,69.75,69.75,Electronic check,Yes
Male,No,7,DSL,Month-to-month,34.5,279.25,Electronic check,Yes
Male,No,10,Fiber optic,Month-to-month,70.3,738.2,Electronic check,Yes
Female,No,1,Fiber optic,Month-to-month,80.2,80.2,Mailed check,Yes
Male,No,6,DSL,Month-to-month,44.6,260.8,Bank transfer (automatic),Yes
Female,No,1,No,Month-to-month,19.6,19.6,Mailed check,Yes
Male,No,2,Fiber optic,Month-to-month,70.7,140.7,Credit card (automatic),Yes
Male,Yes,7,Fiber optic,Month-to-month,99.25,665.45,Electronic check,Yes
Male,No,1,Fiber optic,Month-to-month,84.8,84.8,Electronic check,Yes
Male,No,1,Fiber optic,Month-to-month,90.75,90.75,Electronic check,Yes
Female,No,4,Fiber optic,Month-to-month,89.6,365.65,Mailed check,Yes
Male,No,2,DSL,Month-to-month,49.25,90.35,Electronic check,Yes
Male,No,1,No,Month-to-month,19.75,19.75,Mailed check,Yes
Female,No,4,Fiber optic,Month-to-month,70.05,266.9,Credit card (automatic),Yes
Male,No,4,Fiber optic,Month-to-month,74.65,301.4,Electronic check,Yes
Male,No,4,DSL,Month-to-month,50.4,206.6,Mailed check,Yes
Female,No,7,Fiber optic,Month-to-month,79.65,604.7,Mailed check,Yes
Male,No,5,Fiber optic,Month-to-month,78.75,412.1,Electronic check,Yes
Male,Yes,8,Fiber optic,Month-to-month,80.45,583.45,Credit card (automatic),Yes
Female,No,1,DSL,Month-to-month,50.1,50.1,Mailed check,Yes
Male,No,2,Fiber optic,Month-to-month,76.4,151.8,Electronic check,Yes
Male,No,3,Fiber optic,Month-to-month,98.7,293.65,Electronic check,Yes
Male,Yes,10,Fiber optic,Month-to-month,79.25,793.55,Electronic check,Yes
Male,No,5,Fiber optic,Month-to-month,94.85,462.8,Bank transfer (automatic),Yes
Female,No,2,Fiber optic,Month-to-month,85.7,169.8,Electronic check,Yes
Female,No,1,DSL,Month-to-month,44.4,44.4,Mailed check,Yes
Male,Yes,5,Fiber optic,Month-to-month,89.5,477.7,Electronic check,Yes
Male,Yes,1,Fiber optic,Month-to-month,86.05,86.05,Electronic check,Yes
Male,No,4,DSL,Month-to-month,44.55,174.3,Electronic check,Yes
Female,No,1,Fiber optic,Month-to-month,95.65,95.65,Mailed check,Yes
Female,No,1,No,Month-to-month,20.95,20.95,Mailed check,Yes
Female,Yes,10,DSL,Month-to-month,34.7,329.8,Electronic check,Yes
Male,No,9,Fiber optic,Month-to-month,85.35,758.6,Electronic check,Yes
Female,No,4,Fiber optic,Month-to-month,98.1,396.3,Bank transfer (automatic),Yes
Female,Yes,9,Fiber optic,Month-to-month,74.55,622.9,Electronic check,Yes
Male,No,3,Fiber optic,Month-to-month,100.95,329.95,Electronic check,Yes
Male,No,10,Fiber optic,Month-to-month,94.9,1048.85,Electronic check,Yes
Male,No,3,Fiber optic,Month-to-month,88.35,262.05,Mailed check,Yes
Male,Yes,1,Fiber optic,Month-to-month,74.4,74.4,Electronic check,Yes
Male,Yes,8,Fiber optic,Month-to-month,69.7,560.85,Electronic check,Yes
Female,Yes,12,Fiber optic,Month-to-month,98.1,1060.2,Electronic check,Yes
Female,No,1,No,Month-to-month,20.5,20.5,Mailed check,Yes
Female,Yes,4,Fiber optic,Month-to-month,99.6,347.65,Electronic check,Yes
Female,No,1,Fiber optic,Month-to-month,81.95,81.95,Electronic check,Yes
Male,No,7,Fiber optic,Month-to-month,69.35,451.1,Electronic check,Yes
Female,No,6,Fiber optic,Month-to-month,91.1,455.3,Electronic check,Yes
Male,No,1,DSL,Month-to-month,45.05,45.05,Mailed check,Yes
Female,Yes,1,Fiber optic,Month-to-month,71.0,71.0,Electronic check,Yes
Female,No,1,Fiber optic,Month-to-month,79.7,79.7,Electronic check,Yes
Female,Yes,1,Fiber optic,Month-to-month,69.25,69.25,Electronic check,Yes
Female,No,1,Fiber optic,Month-to-month,73.5,73.5,Bank transfer (automatic),Yes
Male,No,9,Fiber optic,Month-to-month,95.5,829.1,Electronic check,Yes
Male,No,11,Fiber optic,Month-to-month,74.55,824.75,Electronic check,Yes
Male,Yes,12,Fiber optic,Month-to-month,83.8,1029.75,Mailed check,Yes
Female,No,7,Fiber optic,Month-to-month,75.45,480.75,Mailed check,Yes
Male,No,7,Fiber optic,Month-to-month,93.85,635.6,Electronic check,Yes
Female,No,3,DSL,Month-to-month,31.0,95.05,Mailed check,Yes
Male,Yes,5,Fiber optic,Month-to-month,70.25,331.9,Mailed check,Yes
Male,No,10,DSL,Month-to-month,33.9,298.45,Mailed check,Yes
Male,No,12,Fiber optic,Month-to-month,84.45,1059.55,Electronic check,Yes
Male,No,1,Fiber optic,Month-to-month,89.15,89.15,Mailed check,Yes
Female,No,3,DSL,Month-to-month,55.3,196.15,Electronic check,Yes
Male,No,5,DSL,Month-to-month,43.25,219.0,Mailed check,Yes
Male,No,1,Fiber optic,Month-to-month,79.55,79.55,Electronic check,Yes
Male,No,1,Fiber optic,Month-to-month,84.5,84.5,Electronic check,Yes
Female,Yes,2,DSL,Month-to-month,30.4,78.65,Electronic check,Yes
Female,No,1,DSL,Month-to-month,45.4,45.4,Mailed check,Yes
Female,No,3,No,Month-to-month,19.75,58.85,Electronic check,Yes
Female,No,5,Fiber optic,Month-to-month,85.4,425.9,Credit card (automatic),Yes
Male,No,6,Fiber optic,Month-to-month,84.4,556.35,Electronic check,Yes
Female,No,6,DSL,Month-to-month,56.25,389.1,Electronic check,Yes
Female,Yes,2,Fiber optic,Month-to-month,85.55,187.45,Electronic check,Yes
Female,No,4,DSL,Month-to-month,68.65,261.25,Bank transfer (automatic),Yes
Male,No,4,Fiber optic,Month-to-month,77.85,299.2,Electronic check,Yes
Male,No,3,Fiber optic,Month-to-month,105.35,323.25,Bank transfer (automatic),Yes
Female,No,8,Fiber optic,Month-to-month,87.05,762.1,Electronic check,Yes
Male,No,1,DSL,Month-to-month,53.5,53.5,Mailed check,Yes
Female,No,1,DSL,Month-to-month,25.1,25.1,Mailed check,Yes
Female,No,5,DSL,Month-to-month,54.2,308.25,Electronic check,Yes
Female,Yes,1,No,Month-to-month,19.45,19.45,Electronic check,Yes
Female,No,1,DSL,Month-to-month,45.3,45.3,Electronic check,Yes
Male,No,2,DSL,Month-to-month,29.85,75.6,Bank transfer (automatic),Yes
Male,Yes,2,Fiber optic,Month-to-month,95.1,180.25,Credit card (automatic),Yes
Male,No,1,No,Month-to-month,19.8,19.8,Mailed check,Yes
Female,No,4,Fiber optic,Month-to-month,76.65,333.6,Bank transfer (automatic),Yes
Female,No,5,Fiber optic,Month-to-month,99.15,465.05,Mailed check,Yes
Male,No,9,DSL,Month-to-month,44.95,431.0,Mailed check,Yes
Male,Yes,3,DSL,Month-to-month,36.45,93.7,Mailed check,Yes
Female,Yes,1,DSL,Month-to-month,25.05,25.05,Mailed check,Yes
Female,No,8,DSL,Month-to-month,49.85,365.55,Electronic check,Yes
Female,No,1,Fiber optic,Month-to-month,93.85,93.85,Electronic check,Yes
Female,No,1,DSL,Month-to-month,50.45,50.45,Mailed check,Yes
Female,No,7,DSL,Month-to-month,74.65,521.1,Electronic check,Yes
Female,No,12,Fiber optic,Month-to-month,94.2,1046.1,Electronic check,Yes
Male,No,1,No,Month-to-month,20.1,20.1,Mailed check,Yes
Male,No,3,DSL,Month-to-month,55.15,159.15,Mailed check,Yes
Male,Yes,10,Fiber optic,Month-to-month,86.65,856.65,Electronic check,Yes
Male,Yes,12,Fiber optic,Month-to-month,101.35,1218.55,Electronic check,Yes
Male,No,1,Fiber optic,Month-to-month,81.7,81.7,Electronic check,Yes
Female,No,4,Fiber optic,Month-to-month,79.15,317.25,Electronic check,Yes
Female,No,1,Fiber optic,Month-to-month,69.1,69.1,Mailed check,Yes
Female,Yes,1,Fiber optic,Month-to-month,69.6,69.6,Electronic check,Yes
Female,No,4,Fiber optic,Month-to-month,77.95,305.55,Bank transfer (automatic),Yes
Female,Yes,1,Fiber optic,Month-to-month,78.45,78.45,Electronic check,Yes
Male,No,10,DSL,Month-to-month,29.5,255.25,Mailed check,Yes
Female,No,2,DSL,Month-to-month,70.75,146.9,Electronic check,Yes
Female,Yes,9,Fiber optic,Month-to-month,84.45,762.5,Electronic check,Yes
Male,No,4,Fiber optic,Month-to-month,85.65,338.9,Electronic check,Yes
Male,No,1,DSL,Month-to-month,46.3,46.3,Mailed check,Yes
Female,No,12,Fiber optic,Month-to-month,89.4,1095.65,Electronic check,Yes
Female,Yes,5,Fiber optic,Month-to-month,83.15,446.05,Credit card (automatic),Yes
Male,No,10,Fiber optic,Month-to-month,74.15,811.8,Mailed check,Yes
Female,No,11,Fiber optic,Month-to-month,99.5,1056.95,Electronic check,Yes
Male,No,1,DSL,Month-to-month,44.15,44.15,Mailed check,Yes
Female,No,1,Fiber optic,Month-to-month,85.45,85.45,Mailed check,Yes
Female,No,4,DSL,Month-to-month,50.85,239.55,Mailed check,Yes
Female,No,1,DSL,Month-to-month,59.2,59.2,Electronic check,Yes
Female,No,1,DSL,Month-to-month,54.9,54.9,Electronic check,Yes
Female,No,11,No,Month-to-month,19.25,180.3,Mailed check,Yes
Female,Yes,2,Fiber optic,Month-to-month,75.45,158.4,Mailed check,Yes
Female,Yes,2,DSL,Month-to-month,54.85,104.2,Mailed check,Yes
Male,Yes,1,Fiber optic,Month-to-month,95.1,95.1,Electronic check,Yes
Male,No,6,Fiber optic,Month-to-month,75.5,438.0,Electronic check,Yes
Female,No,4,Fiber optic,Month-to-month,73.75,325.45,Electronic check,Yes
Male,No,12,Fiber optic,Month-to-month,96.05,1148.1,Electronic check,Yes
Female,No,4,Fiber optic,Month-to-month,88.95,355.2,Electronic check,Yes
Female,No,4,DSL,Month-to-month,50.7,151.3,Credit card (automatic),Yes
Male,No,3,DSL,Month-to-month,53.4,188.7,Credit card (automatic),Yes
Male,No,1,DSL,Month-to-month,50.6,50.6,Mailed check,Yes
Male,No,10,Fiber optic,Month-to-month,89.5,863.1,Electronic check,Yes
Male,No,1,Fiber optic,Month-to-month,69.8,69.8,Electronic check,Yes
Male,No,4,DSL,Month-to-month,61.45,229.55,Credit card (automatic),Yes
Male,No,1,Fiber optic,Month-to-month,90.55,90.55,Electronic check,Yes
Male,No,7,Fiber optic,Month-to-month,85.2,602.55,Mailed check,Yes
Male,Yes,5,Fiber optic,Month-to-month,91.4,449.75,Electronic check,Yes
Female,No,4,DSL,Month-to-month,45.3,196.95,Mailed check,Yes
Male,No,2,Fiber optic,Month-to-month,73.25,131.05,Credit card (automatic),Yes
Male,No,8,DSL,Month-to-month,51.05,415.05,Electronic check,Yes
Female,No,9,Fiber optic,Month-to-month,85.35,754.65,Bank transfer (automatic),Yes
Male,Yes,1,Fiber optic,Month-to-month,75.35,75.35,Electronic check,Yes
Female,No,1,No,Month-to-month,20.9,20.9,Mailed check,Yes
Male,No,3,DSL,Month-to-month,43.3,123.65,Electronic check,Yes
Female,Yes,11,Fiber optic,Month-to-month,84.8,906.85,Credit card (automatic),Yes
Male,Yes,5,DSL,Month-to-month,50.35,237.25,Electronic check,Yes
Male,No,1,Fiber optic,Month-to-month,74.6,74.6,Bank transfer (automatic),Yes
Male,No,8,DSL,Month-to-month,45.15,438.4,Mailed check,Yes
Female,No,1,Fiber optic,Month-to-month,79.6,79.6,Electronic check,Yes
Male,Yes,5,Fiber optic,Month-to-month,89.8,502.6,Electronic check,Yes
Male,No,1,DSL,Month-to-month,50.75,50.75,Electronic check,Yes
Female,No,9,DSL,Month-to-month,72.9,651.4,Mailed check,Yes
Male,No,5,DSL,Month-to-month,40.0,223.45,Mailed check,Yes
Male,Yes,9,Fiber optic,Month-to-month,99.45,919.4,Credit card (automatic),Yes
Female,No,2,Fiber optic,Month-to-month,86.25,181.65,Electronic check,Yes
Female,No,1,DSL,Month-to-month,45.65,45.65,Electronic check,Yes
Male,No,8,Fiber optic,Month-to-month,70.1,551.35,Mailed check,Yes
Female,Yes,2,Fiber optic,Month-to-month,70.2,115.95,Bank transfer (automatic),Yes
Female,No,3,DSL,Month-to-month,55.35,165.2,Electronic check,Yes
Male,No,2,DSL,Month-to-month,45.85,81.0,Mailed check,Yes
Female,No,12,Fiber optic,Month-to-month,100.15,1164.3,Bank transfer (automatic),Yes
Female,No,2,DSL,Month-to-month,24.4,36.55,Mailed check,Yes
Female,No,4,No,Month-to-month,20.95,85.5,Bank transfer (automatic),Yes
Female,Yes,1,DSL,Month-to-month,49.55,49.55,Electronic check,Yes
Male,No,9,No,Month-to-month,20.25,178.5,Mailed check,Yes
Female,Yes,2,DSL,Month-to-month,50.15,115.1,Credit card (automatic),Yes
Female,Yes,1,DSL,Month-to-month,25.25,25.25,Electronic check,Yes
Female,No,9,DSL,Month-to-month,45.15,416.45,Electronic check,Yes
Female,No,1,Fiber optic,Month-to-month,75.1,75.1,Electronic check,Yes
Female,No,1,DSL,Month-to-month,45.8,45.8,Electronic check,Yes
Male,No,1,No,Month-to-month,20.1,20.1,Mailed check,Yes
Male,No,9,DSL,Month-to-month,40.65,328.95,Mailed check,Yes
Male,No,1,Fiber optic,Month-to-month,69.1,69.1,Electronic check,Yes
Female,Yes,1,Fiber optic,Month-to-month,71.15,71.15,Electronic check,Yes
Female,No,6,DSL,Month-to-month,49.15,270.8,Electronic check,Yes
Female,No,11,Fiber optic,Month-to-month,102.0,1145.35,Electronic check,Yes
Female,No,2,No,Month-to-month,20.65,38.7,Mailed check,Yes
Female,No,1,Fiber optic,Month-to-month,70.8,70.8,Mailed check,Yes
Female,No,3,Fiber optic,Month-to-month,96.6,291.9,Electronic check,Yes
Female,No,5,DSL,Month-to-month,50.6,249.95,Mailed check,Yes
Male,No,4,DSL,Month-to-month,49.35,219.65,Electronic check,Yes
Male,No,7,Fiber optic,Month-to-month,94.25,669.0,Electronic check,Yes
Female,No,1,Fiber optic,Month-to-month,68.95,68.95,Electronic check,Yes
Male,Yes,2,Fiber optic,Month-to-month,93.85,196.75,Electronic check,Yes
Male,No,4,Fiber optic,Month-to-month,76.05,318.9,Electronic check,Yes
Male,No,1,DSL,Month-to-month,24.45,24.45,Mailed check,Yes
Male,No,7,Fiber optic,Month-to-month,89.35,631.85,Credit card (automatic),Yes
Male,No,4,Fiber optic,Month-to-month,80.35,307.4,Electronic check,Yes
Female,Yes,1,DSL,Month-to-month,55.8,55.8,Electronic check,Yes
Male,No,1,Fiber optic,Month-to-month,79.05,79.05,Electronic check,Yes
Male,No,1,Fiber optic,Month-to-month,95.0,95.0,Electronic check,Yes
Female,No,1,DSL,Month-to-month,25.2,25.2,Mailed check,Yes
Male,Yes,10,Fiber optic,Month-to-month,89.8,914.3,Electronic check,Yes
Male,Yes,1,Fiber optic,Month-to-month,71.65,71.65,Electronic check,Yes
Female,No,3,Fiber optic,Month-to-month,74.25,210.3,Electronic check,Yes
Female,Yes,1,Fiber optic,Month-to-month,74.2,74.2,Electronic check,Yes
Male,No,4,Fiber optic,Month-to-month,100.2,420.2,Electronic check,Yes
Male,Yes,1,Fiber optic,Month-to-month,70.85,70.85,Mailed check,Yes
Male,No,4,Fiber optic,Month-to-month,73.9,280.85,Electronic check,Yes
Male,No,3,Fiber optic,Month-to-month,101.55,298.35,Bank transfer (automatic),Yes
Male,No,1,DSL,Month-to-month,45.75,45.75,Electronic check,Yes
Male,No,11,Fiber optic,Month-to-month,74.95,815.5,Electronic check,Yes
Female,No,1,Fiber optic,Month-to-month,80.15,80.15,Credit card (automatic),Yes
Female,No,3,DSL,Month-to-month,35.2,108.95,Credit card (automatic),Yes
Female,No,1,Fiber optic,Month-to-month,78.8,78.8,Electronic check,Yes
Male,Yes,1,Fiber optic,Month-to-month,69.1,69.1,Electronic check,Yes
Female,No,6,Fiber optic,Month-to-month,93.55,536.4,Bank transfer (automatic),Yes
Male,No,1,Fiber optic,Month-to-month,80.85,80.85,Mailed check,Yes
Male,No,3,No,Month-to-month,20.55,51.15,Credit card (automatic),Yes
Female,Yes,2,Fiber optic,Month-to-month,78.55,149.55,Electronic check,Yes
Female,No,1,Fiber optic,Month-to-month,78.65,78.65,Electronic check,Yes
Male,No,1,DSL,Month-to-month,42.9,42.9,Electronic check,Yes
Female,No,3,DSL,Month-to-month,34.25,139.35,Mailed check,Yes
Female,No,9,DSL,Month-to-month,58.5,539.85,Mailed check,Yes
Female,Yes,6,Fiber optic,Month-to-month,74.4,434.1,Electronic check,Yes
Female,No,6,Fiber optic,Month-to-month,105.3,545.2,Electronic check,Yes
Female,Yes,7,Fiber optic,Month-to-month,84.55,646.85,Electronic check,Yes
Female,No,4,DSL,Month-to-month,24.45,86.6,Electronic check,Yes
Male,No,1,DSL,Month-to-month,24.25,24.25,Electronic check,Yes
Female,No,11,Fiber optic,Month-to-month,76.5,837.95,Electronic check,Yes
Female,No,4,Fiber optic,Month-to-month,93.5,362.2,Electronic check,Yes
Female,Yes,2,Fiber optic,Month-to-month,69.6,131.65,Electronic check,Yes
Male,No,1,No,Month-to-month,24.05,24.05,Mailed check,Yes
Female,No,1,DSL,Month-to-month,50.55,50.55,Electronic check,Yes
Female,No,1,No,Month-to-month,20.5,20.5,Mailed check,Yes
Male,No,4,Fiber optic,Month-to-month,74.8,321.9,Bank transfer (automatic),Yes
Female,No,3,DSL,Month-to-month,50.6,155.35,Electronic check,Yes
Female,No,2,DSL,Month-to-month,65.7,134.35,Mailed check,Yes
Female,No,1,Fiber optic,Month-to-month,70.5,70.5,Electronic check,Yes
Female,No,10,Fiber optic,Month-to-month,94.85,953.45,Electronic check,Yes
Male,No,1,No,Month-to-month,19.75,19.75,Mailed check,Yes
Female,No,1,Fiber optic,Month-to-month,69.6,69.6,Electronic check,Yes
Female,No,1,Fiber optic,Month-to-month,78.05,78.05,Electronic check,Yes
Male,No,7,Fiber optic,Month-to-month,73.6,520.0,Electronic check,Yes
Female,No,9,Fiber optic,Month-to-month,74.75,706.6,Electronic check,Yes
Male,No,1,No,Month-to-month,20.2,20.2,Mailed check,Yes
Male,No,2,DSL,Month-to-month,25.05,56.35,Electronic check,Yes
Female,No,1,No,Month-to-month,20.25,20.25,Mailed check,Yes
Female,No,1,Fiber optic,Month-to-month,85.45,85.45,Electronic check,Yes
Male,No,6,Fiber optic,Month-to-month,74.9,469.8,Electronic check,Yes
Male,No,9,No,Month-to-month,18.95,185.6,Mailed check,Yes
Female,Yes,2,DSL,Month-to-month,24.35,41.85,Electronic check,Yes
Male,Yes,5,Fiber optic,Month-to-month,79.9,343.95,Bank transfer (automatic),Yes
Female,No,11,Fiber optic,Month-to-month,96.2,1222.05,Credit card (automatic),Yes
Female,No,1,Fiber optic,Month-to-month,90.6,90.6,Electronic check,Yes
Female,No,6,DSL,Month-to-month,50.8,288.05,Bank transfer (automatic),Yes
Male,No,4,Fiber optic,Month-to-month,90.05,368.1,Electronic check,Yes
Female,No,3,Fiber optic,Month-to-month,75.85,256.6,Electronic check,Yes
Male,No,1,Fiber optic,Month-to-month,68.5,68.5,Electronic check,Yes
Male,No,11,Fiber optic,Month-to-month,73.5,791.75,Electronic check,Yes
Female,No,1,Fiber optic,Month-to-month,69.95,69.95,Mailed check,Yes
Male,No,5,DSL,Month-to-month,70.05,346.4,Electronic check,Yes
Male,No,8,Fiber optic,Month-to-month,94.0,773.65,Electronic check,Yes
Female,No,3,No,Month-to-month,19.6,59.75,Mailed check,Yes
Male,Yes,2,DSL,Month-to-month,66.4,94.55,Bank transfer (automatic),Yes
Female,No,2,DSL,Month-to-month,49.6,114.7,Mailed check,Yes
Male,No,3,Fiber optic,Month-to-month,91.85,257.05,Electronic check,Yes
Female,No,1,DSL,Month-to-month,40.1,40.1,Electronic check,Yes
Female,No,7,DSL,Month-to-month,40.1,293.3,Credit card (automatic),Yes
Female,No,1,Fiber optic,Month-to-month,79.55,79.55,Electronic check,Yes
Male,No,1,Fiber optic,Month-to-month,89.1,89.1,Electronic check,Yes
Male,Yes,2,DSL,Month-to-month,44.15,92.65,Electronic check,Yes
Female,Yes,8,Fiber optic,Month-to-month,75.75,606.25,Electronic check,Yes
Female,No,1,No,Month-to-month,19.1,19.1,Mailed check,Yes
Male,Yes,1,Fiber optic,Month-to-month,80.3,80.3,Electronic check,Yes
Female,No,1,Fiber optic,Month-to-month,74.9,74.9,Electronic check,Yes
Female,Yes,9,Fiber optic,Month-to-month,80.85,751.65,Electronic check,Yes
Male,No,3,DSL,Month-to-month,24.75,66.95,Electronic check,Yes
Female,No,2,Fiber optic,Month-to-month,79.7,165.0,Bank transfer (automatic),Yes
Male,Yes,1,DSL,Month-to-month,25.1,25.1,Electronic check,Yes
Male,No,6,Fiber optic,Month-to-month,83.55,477.55,Credit card (automatic),Yes
Male,No,1,Fiber optic,Month-to-month,70.45,70.45,Mailed check,Yes
Male,No,1,DSL,Month-to-month,24.75,24.75,Electronic check,Yes
Male,No,3,Fiber optic,Month-to-month,78.5,242.05,Electronic check,Yes
Female,No,3,No,Month-to-month,19.85,63.75,Mailed check,Yes
Male,Yes,3,Fiber optic,Month-to-month,79.9,260.9,Electronic check,Yes
Male,No,10,Fiber optic,Month-to-month,98.5,1037.75,Electronic check,Yes
Female,No,1,DSL,Month-to-month,50.45,50.45,Mailed check,Yes
Female,No,1,Fiber optic,Month-to-month,100.25,100.25,Credit card (automatic),Yes
Male,No,1,Fiber optic,Month-to-month,69.85,69.85,Electronic check,Yes
Male,No,12,Fiber optic,Month-to-month,81.7,858.6,Bank transfer (automatic),Yes
Male,No,4,Fiber optic,Month-to-month,79.9,324.3,Electronic check,Yes
Female,No,1,No,Month-to-month,20.9,20.9,Mailed check,Yes
Female,No,1,Fiber optic,Month-to-month,69.4,69.4,Mailed check,Yes
Female,No,7,Fiber optic,Month-to-month,74.9,541.15,Electronic check,Yes
Female,No,1,Fiber optic,Month-to-month,70.1,70.1,Electronic check,Yes
Female,No,12,Fiber optic,Month-to-month,78.3,909.25,Electronic check,Yes
Female,No,1,Fiber optic,Month-to-month,84.3,84.3,Electronic check,Yes
Female,Yes,11,Fiber optic,Month-to-month,99.55,1131.2,Electronic check,Yes
Male,Yes,8,Fiber optic,Month-to-month,81.25,585.95,Electronic check,Yes
Male,No,1,No,Month-to-month,19.95,19.95,Bank transfer (automatic),Yes
Male,No,9,Fiber optic,Month-to-month,79.35,661.25,Bank transfer (automatic),Yes
Male,No,1,Fiber optic,Month-to-month,69.35,69.35,Electronic check,Yes
Female,No,3,Fiber optic,Month-to-month,85.8,272.2,Electronic check,Yes
Female,Yes,1,DSL,Month-to-month,50.55,50.55,Mailed check,Yes
Male,No,1,Fiber optic,Month-to-month,80.55,80.55,Electronic check,Yes
Female,No,12,Fiber optic,Month-to-month,84.5,916.9,Electronic check,Yes
Male,No,2,Fiber optic,Month-to-month,67.75,116.65,Electronic check,Yes
Female,No,10,Fiber optic,Month-to-month,80.05,830.7,Bank transfer (automatic),Yes
Male,No,1,No,Month-to-month,20.0,20.0,Mailed check,Yes
Female,Yes,1,Fiber optic,Month-to-month,85.05,85.05,Electronic check,Yes
Female,No,6,Fiber optic,Month-to-month,99.95,547.65,Mailed check,Yes
Male,No,3,Fiber optic,Month-to-month,79.65,251.75,Bank transfer (automatic),Yes
Male,No,8,Fiber optic,Month-to-month,94.7,740.3,Electronic check,Yes
Male,No,5,Fiber optic,Month-to-month,92.5,452.7,Electronic check,Yes
Female,No,1,No,Month-to-month,19.45,19.45,Mailed check,Yes
Female,No,2,Fiber optic,Month-to-month,75.55,166.3,Electronic check,Yes
Male,No,1,Fiber optic,Month-to-month,70.0,70.0,Electronic check,Yes
Female,No,2,No,Month-to-month,19.5,31.55,Mailed check,Yes
Female,Yes,4,Fiber optic,Month-to-month,74.9,321.75,Electronic check,Yes
Female,No,2,Fiber optic,Month-to-month,74.9,147.15,Credit card (automatic),Yes
Male,No,10,Fiber optic,Month-to-month,99.85,990.9,Electronic check,Yes
Female,No,2,Fiber optic,Month-to-month,94.2,193.8,Bank transfer (automatic),Yes
Male,Yes,9,Fiber optic,Month-to-month,83.85,790.15,Electronic check,Yes
Female,No,1,DSL,Month-to-month,44.45,44.45,Mailed check,Yes
Male,No,1,No,Month-to-month,20.25,20.25,Mailed check,Yes
Male,No,1,Fiber optic,Month-to-month,74.35,74.35,Electronic check,Yes
Male,No,1,DSL,Month-to-month,62.05,62.05,Mailed check,Yes
Male,No,5,Fiber optic,Month-to-month,104.1,541.9,Mailed check,Yes
Male,No,2,Fiber optic,Month-to-month,76.5,162.45,Electronic check,Yes
Male,No,5,DSL,Month-to-month,49.2,216.9,Electronic check,Yes
Male,No,11,No,Month-to-month,23.15,245.2,Credit card (automatic),Yes
Female,No,4,Fiber optic,Month-to-month,80.85,302.75,Electronic check,Yes
Male,No,1,DSL,Month-to-month,60.1,60.1,Mailed check,Yes
Male,No,1,Fiber optic,Month-to-month,78.95,78.95,Electronic check,Yes
Male,No,2,DSL,Month-to-month,45.15,98.5,Electronic check,Yes
Female,No,3,Fiber optic,Month-to-month,79.4,244.65,Electronic check,Yes
Female,No,1,Fiber optic,Month-to-month,71.1,71.1,Mailed check,Yes
Male,Yes,1,Fiber optic,Month-to-month,94.0,94.0,Electronic check,Yes
Female,No,4,DSL,Month-to-month,46.0,193.6,Mailed check,Yes
Female,No,9,DSL,Month-to-month,66.25,620.55,Mailed check,Yes
Male,No,1,DSL,Month-to-month,53.95,53.95,Electronic check,Yes
Female,Yes,8,Fiber optic,Month-to-month,105.5,829.55,Electronic check,Yes
Female,No,1,Fiber optic,Month-to-month,69.8,69.8,Electronic check,Yes
Male,Yes,7,Fiber optic,Month-to-month,73.75,545.15,Mailed check,Yes
Male,Yes,9,DSL,Month-to-month,54.55,494.05,Electronic check,Yes
Female,No,5,Fiber optic,Month-to-month,93.9,486.85,Mailed check,Yes
Female,Yes,3,Fiber optic,Month-to-month,70.4,204.7,Electronic check,Yes
Female,No,2,Fiber optic,Month-to-month,70.95,137.95,Electronic check,Yes
Male,No,10,Fiber optic,Month-to-month,104.4,1081.45,Electronic check,Yes
Male,Yes,8,DSL,Month-to-month,29.4,221.9,Electronic check,Yes
Male,No,2,DSL,Month-to-month,44.65,74.9,Mailed check,Yes
Female,No,3,DSL,Month-to-month,25.25,58.9,Electronic check,Yes
Female,No,4,Fiber optic,Month-to-month,84.05,333.55,Bank transfer (automatic),Yes
Female,No,1,Fiber optic,Month-to-month,74.7,74.7,Electronic check,Yes
Female,No,5,Fiber optic,Month-to-month,90.8,455.5,Electronic check,Yes
Female,No,1,DSL,Month-to-month,35.75,35.75,Electronic check,Yes
Female,Yes,4,DSL,Month-to-month,46.0,181.6,Electronic check,Yes
Male,No,3,No,Month-to-month,19.8,58.15,Mailed check,Yes
Male,No,4,DSL,Month-to-month,50.9,225.6,Electronic check,Yes
Male,No,4,Fiber optic,Month-to-month,81.0,340.85,Electronic check,Yes
Male,No,5,DSL,Month-to-month,51.0,305.95,Mailed check,Yes
Female,No,4,Fiber optic,Month-to-month,91.65,365.4,Electronic check,Yes
Male,No,1,Fiber optic,Month-to-month,90.85,90.85,Electronic check,Yes
Male,No,1,Fiber optic,Month-to-month,69.4,69.4,Mailed check,Yes
Female,Yes,8,Fiber optic,Month-to-month,94.45,742.95,Credit card (automatic),Yes
Female,No,1,No,Month-to-month,20.15,20.15,Credit card (automatic),Yes
Female,No,6,DSL,Month-to-month,47.95,305.1,Electronic check,Yes
Female,No,3,DSL,Month-to-month,63.6,155.65,Electronic check,Yes
Male,No,3,DSL,Month-to-month,36.85,108.7,Mailed check,Yes
Female,No,1,DSL,Month-to-month,44.1,44.1,Electronic check,Yes
Female,No,7,Fiber optic,Month-to-month,75.1,552.95,Bank transfer (automatic),Yes
Male,Yes,2,DSL,Month-to-month,44.7,93.7,Electronic check,Yes
Male,No,11,Fiber optic,Month-to-month,74.35,834.2,Electronic check,Yes
Female,No,5,No,Month-to-month,19.85,108.05,Credit card (automatic),Yes
Female,No,1,Fiber optic,Month-to-month,70.3,70.3,Electronic check,Yes
Male,Yes,10,Fiber optic,Month-to-month,85.55,851.75,Electronic check,Yes
Male,No,6,Fiber optic,Month-to-month,94.5,575.45,Mailed check,Yes
Female,No,2,Fiber optic,Month-to-month,79.65,152.7,Mailed check,Yes
Female,Yes,2,Fiber optic,Month-to-month,79.6,195.05,Electronic check,Yes
Female,No,1,No,Month-to-month,20.2,20.2,Bank transfer (automatic),Yes
Male,No,2,DSL,Month-to-month,40.4,77.15,Credit card (automatic),Yes
Female,No,4,Fiber optic,Month-to-month,75.35,338.1,Electronic check,Yes
Male,Yes,7,Fiber optic,Month-to-month,94.7,673.1,Credit card (automatic),Yes
Male,No,6,DSL,Month-to-month,30.5,208.7,Credit card (automatic),Yes
Male,Yes,3,Fiber optic,Month-to-month,77.0,237.75,Electronic check,Yes
Female,No,11,No,Month-to-month,20.1,221.35,Credit card (automatic),Yes
Female,No,1,Fiber optic,Month-to-month,75.3,75.3,Electronic check,Yes
Female,No,7,No,Month-to-month,20.05,164.85,Mailed check,Yes
Male,No,1,Fiber optic,Month-to-month,70.4,70.4,Electronic check,Yes
Female,No,11,Fiber optic,Month-to-month,94.0,1078.9,Electronic check,Yes
Male,No,8,DSL,Month-to-month,30.45,226.45,Electronic check,Yes
Male,Yes,1,Fiber optic,Month-to-month,69.65,69.65,Electronic check,Yes
Male,No,9,Fiber optic,Month-to-month,80.8,713.1,Electronic check,Yes
Female,No,7,Fiber optic,Month-to-month,80.3,526.7,Mailed check,Yes
Male,No,3,DSL,Month-to-month,69.35,191.35,Electronic check,Yes
Female,Yes,1,DSL,Month-to-month,36.45,36.45,Electronic check,Yes
Female,No,8,Fiber optic,Month-to-month,84.9,764.95,Electronic check,Yes
Female,No,2,Fiber optic,Month-to-month,73.55,145.4,Bank transfer (automatic),Yes
Female,No,8,No,Month-to-month,20.15,156.25,Bank transfer (automatic),Yes
Female,No,8,Fiber optic,Month-to-month,101.15,842.9,Electronic check,Yes
Female,No,2,Fiber optic,Month-to-month,79.75,164.5,Electronic check,Yes
Female,Yes,5,Fiber optic,Month-to-month,69.05,318.5,Mailed check,Yes
Female,No,6,Fiber optic,Month-to-month,90.1,521.3,Electronic check,Yes
Male,No,11,DSL,Month-to-month,53.75,608.0,Electronic check,Yes
Female,No,6,Fiber optic,Month-to-month,89.3,577.6,Electronic check,Yes
Female,No,3,Fiber optic,Month-to-month,95.2,292.85,Electronic check,Yes
Female,Yes,5,DSL,Month-to-month,45.7,198.0,Electronic check,Yes
Male,No,8,Fiber optic,Month-to-month,74.5,609.9,Electronic check,Yes
Female,No,1,Fiber optic,Month-to-month,79.65,79.65,Electronic check,Yes
Female,No,1,Fiber optic,Month-to-month,80.05,80.05,Mailed check,Yes
Female,No,6,No,Month-to-month,19.5,146.3,Bank transfer (automatic),Yes
Male,No,1,DSL,Month-to-month,51.25,51.25,Mailed check,Yes
Male,No,1,DSL,Month-to-month,45.6,45.6,Electronic check,Yes
Female,No,6,DSL,Month-to-month,49.65,267.35,Bank transfer (automatic),Yes
Male,Yes,10,Fiber optic,Month-to-month,92.5,934.1,Mailed check,Yes
Female,Yes,1,Fiber optic,Month-to-month,74.45,74.45,Mailed check,Yes
Female,Yes,10,DSL,Month-to-month,29.65,291.4,Electronic check,Yes
Male,No,5,Fiber optic,Month-to-month,84.5,453.75,Electronic check,Yes
Female,Yes,3,Fiber optic,Month-to-month,70.3,235.5,Electronic check,Yes
Female,No,10,Fiber optic,Month-to-month,74.75,799.65,Electronic check,Yes
Female,No,1,DSL,Month-to-month,50.8,50.8,Electronic check,Yes
Male,No,2,Fiber optic,Month-to-month,80.25,144.55,Electronic check,Yes
Male,No,1,No,Month-to-month,19.9,19.9,Mailed check,Yes
Male,Yes,12,Fiber optic,Month-to-month,99.45,1200.15,Electronic check,Yes
Female,No,1,Fiber optic,Month-to-month,70.6,70.6,Electronic check,Yes
Female,No,5,Fiber optic,Month-to-month,81.0,389.6,Credit card (automatic),Yes
Male,No,6,Fiber optic,Month-to-month,84.85,523.5,Electronic check,Yes
Female,Yes,1,DSL,Month-to-month,24.8,24.8,Electronic check,Yes
Female,No,9,Fiber optic,Month-to-month,89.45,853.1,Electronic check,Yes
Male,No,10,DSL,Month-to-month,72.15,794.25,Credit card (automatic),Yes
Female,No,2,DSL,Month-to-month,76.4,160.8,Electronic check,Yes
Male,No,9,Fiber optic,Month-to-month,79.9,741.7,Electronic check,Yes
Male,No,1,No,Month-to-month,19.65,19.65,Mailed check,Yes
Male,No,1,Fiber optic,Month-to-month,84.65,84.65,Mailed check,Yes
Female,Yes,1,Fiber optic,Month-to-month,69.55,69.55,Electronic check,Yes
Male,No,7,DSL,Month-to-month,51.0,354.05,Mailed check,Yes
Female,No,1,DSL,Month-to-month,44.35,44.35,Bank transfer (automatic),Yes
Female,No,7,Fiber optic,Month-to-month,79.7,586.05,Electronic check,Yes
Female,Yes,5,Fiber optic,Month-to-month,84.85,415.55,Mailed check,Yes
Male,Yes,1,Fiber optic,Month-to-month,73.65,73.65,Electronic check,Yes
Female,Yes,6,Fiber optic,Month-to-month,84.35,474.9,Electronic check,Yes
Female,No,8,Fiber optic,Month-to-month,84.95,668.4,Electronic check,Yes
Male,No,11,Fiber optic,Month-to-month,73.85,926.25,Electronic check,Yes
Female,Yes,1,DSL,Month-to-month,46.0,46.0,Electronic check,Yes
Female,No,5,DSL,Month-to-month,46.0,221.7,Mailed check,Yes
Male,No,4,DSL,Month-to-month,51.75,201.1,Credit card (automatic),Yes
Female,No,1,Fiber optic,Month-to-month,70.15,70.15,Mailed check,Yes
Male,No,9,DSL,Month-to-month,34.7,296.1,Credit card (automatic),Yes
Female,No,1,Fiber optic,Month-to-month,81.1,81.1,Electronic check,Yes
Female,No,1,No,Month-to-month,20.55,20.55,Mailed check,Yes
Female,No,3,Fiber optic,Month-to-month,89.45,240.45,Electronic check,Yes
Female,No,3,Fiber optic,Month-to-month,97.9,315.3,Electronic check,Yes
Male,No,1,DSL,Month-to-month,55.7,55.7,Mailed check,Yes
Female,Yes,3,Fiber optic,Month-to-month,83.9,267.4,Mailed check,Yes
Female,Yes,1,Fiber optic,Month-to-month,69.85,69.85,Electronic check,Yes
Female,No,1,DSL,Month-to-month,53.55,53.55,Mailed check,Yes
Male,No,11,Fiber optic,Month-to-month,80.5,896.9,Bank transfer (automatic),Yes
Male,No,1,No,Month-to-month,19.3,19.3,Mailed check,Yes
Male,No,1,DSL,Month-to-month,49.65,49.65,Mailed check,Yes
Male,No,4,Fiber optic,Month-to-month,88.45,370.65,Electronic check,Yes
Male,No,9,Fiber optic,Month-to-month,94.85,890.6,Mailed check,Yes
Male,No,7,Fiber optic,Month-to-month,69.95,529.5,Bank transfer (automatic),Yes
Female,No,1,DSL,Month-to-month,48.6,48.6,Credit card (automatic),Yes
Female,No,3,Fiber optic,Month-to-month,75.5,220.6,Electronic check,Yes
Male,No,1,No,Month-to-month,20.2,20.2,Bank transfer (automatic),Yes
Female,No,3,Fiber optic,Month-to-month,74.75,229.5,Credit card (automatic),Yes
Male,Yes,1,No,Month-to-month,20.05,20.05,Mailed check,Yes
Female,No,1,No,Month-to-month,19.9,19.9,Electronic check,Yes
Male,No,1,No,Month-to-month,19.95,19.95,Electronic check,Yes
Male,No,1,Fiber optic,Month-to-month,79.6,79.6,Electronic check,Yes
Male,No,1,Fiber optic,Month-to-month,75.9,75.9,Electronic check,Yes
Male,No,1,Fiber optic,Month-to-month,76.2,76.2,Electronic check,Yes
Male,No,1,No,Month-to-month,19.25,19.25,Mailed check,Yes
Female,No,7,Fiber optic,Month-to-month,79.0,522.95,Electronic check,Yes
Female,No,1,Fiber optic,Month-to-month,70.25,70.25,Electronic check,Yes
Female,Yes,10,Fiber optic,Month-to-month,84.6,865.55,Credit card (automatic),Yes
Female,No,1,DSL,Month-to-month,60.0,60.0,Electronic check,Yes
Male,No,8,Fiber optic,Month-to-month,86.55,649.65,Electronic check,Yes
Female,Yes,1,No,Month-to-month,20.85,20.85,Mailed check,Yes
Male,Yes,6,Fiber optic,Month-to-month,85.15,503.6,Bank transfer (automatic),Yes
Female,No,1,Fiber optic,Month-to-month,75.7,75.7,Electronic check,Yes
Female,No,4,Fiber optic,Month-to-month,97.95,384.5,Electronic check,Yes
Male,No,6,Fiber optic,Month-to-month,80.5,463.05,Credit card (automatic),Yes
Male,No,1,Fiber optic,Month-to-month,71.35,71.35,Mailed check,Yes
Male,No,1,No,Month-to-month,20.6,20.6,Mailed check,Yes
Female,No,10,Fiber optic,Month-to-month,81.0,818.05,Credit card (automatic),Yes
Female,No,1,Fiber optic,Month-to-month,70.15,70.15,Mailed check,Yes
Female,Yes,1,Fiber optic,Month-to-month,69.65,69.65,Electronic check,Yes
Female,Yes,1,Fiber optic,Month-to-month,89.3,89.3,Electronic check,Yes
Female,No,5,Fiber optic,Month-to-month,85.2,474.8,Electronic check,Yes
Male,No,5,Fiber optic,Month-to-month,81.3,416.3,Electronic check,Yes
Female,No,2,No,Month-to-month,19.6,35.85,Electronic check,Yes
Male,No,1,Fiber optic,Month-to-month,71.0,71.0,Electronic check,Yes
Male,Yes,9,Fiber optic,Month-to-month,85.05,746.5,Electronic check,Yes
Male,No,1,DSL,Month-to-month,44.4,44.4,Electronic check,Yes
Male,Yes,1,Fiber optic,Month-to-month,70.3,70.3,Electronic check,Yes
Female,No,1,Fiber optic,Month-to-month,79.35,79.35,Bank transfer (automatic),Yes
Female,No,9,Fiber optic,Month-to-month,90.8,809.75,Bank transfer (automatic),Yes
Female,No,3,Fiber optic,Month-to-month,75.8,246.3,Electronic check,Yes
Female,No,2,Fiber optic,Month-to-month,70.0,153.05,Bank transfer (automatic),Yes
Male,No,5,No,Month-to-month,25.9,135.0,Bank transfer (automatic),Yes
Female,No,1,Fiber optic,Month-to-month,69.65,69.65,Electronic check,Yes
Female,No,10,Fiber optic,Month-to-month,100.6,1060.2,Electronic check,Yes
Female,Yes,1,Fiber optic,Month-to-month,86.0,86.0,Electronic check,Yes
Male,No,3,DSL,Month-to-month,29.6,79.45,Electronic check,Yes
Male,No,1,No,Month-to-month,20.2,20.2,Mailed check,Yes
Male,No,5,Fiber optic,Month-to-month,94.45,498.1,Electronic check,Yes
Male,Yes,3,Fiber optic,Month-to-month,105.0,294.45,Electronic check,Yes
Female,Yes,8,Fiber optic,Month-to-month,84.0,613.4,Electronic check,Yes
Female,No,9,DSL,Month-to-month,48.75,442.2,Electronic check,Yes
Male,No,1,Fiber optic,Month-to-month,84.85,84.85,Electronic check,Yes
Male,No,12,DSL,Month-to-month,56.65,654.85,Mailed check,Yes
Male,Yes,4,DSL,Month-to-month,25.2,102.5,Bank transfer (automatic),Yes
Male,No,7,Fiber optic,Month-to-month,89.75,608.8,Electronic check,Yes
Male,Yes,3,Fiber optic,Month-to-month,94.6,279.55,Electronic check,Yes
Male,No,6,Fiber optic,Month-to-month,82.85,460.25,Electronic check,Yes
Female,No,5,Fiber optic,Month-to-month,83.6,404.2,Electronic check,Yes
Female,No,3,Fiber optic,Month-to-month,91.5,242.95,Credit card (automatic),Yes
Male,No,12,Fiber optic,Month-to-month,80.85,866.45,Bank transfer (automatic),Yes
Female,No,1,Fiber optic,Month-to-month,70.75,70.75,Mailed check,Yes
Male,No,3,DSL,Month-to-month,40.15,130.75,Mailed check,Yes
Male,No,1,DSL,Month-to-month,45.3,45.3,Mailed check,Yes
Male,No,2,Fiber optic,Month-to-month,94.95,178.1,Electronic check,Yes
Female,No,12,DSL,Month-to-month,44.55,480.6,Electronic check,Yes
Male,No,1,DSL,Month-to-month,23.45,23.45,Electronic check,Yes
Male,No,1,DSL,Month-to-month,29.7,29.7,Mailed check,Yes
Female,No,3,DSL,Month-to-month,50.65,151.3,Mailed check,Yes
Female,No,1,DSL,Month-to-month,55.4,55.4,Electronic check,Yes
Female,Yes,1,Fiber optic,Month-to-month,90.6,90.6,Electronic check,Yes
Male,Yes,2,Fiber optic,Month-to-month,86.85,156.35,Mailed check,Yes
Male,No,2,DSL,Month-to-month,55.1,113.35,Mailed check,Yes
Female,No,5,DSL,Month-to-month,53.85,259.8,Credit card (automatic),Yes
Female,No,9,Fiber optic,Month-to-month,71.0,672.55,Electronic check,Yes
Male,No,5,No,Month-to-month,19.35,126.05,Mailed check,Yes
Male,No,3,No,Month-to-month,19.85,64.55,Mailed check,Yes
Male,No,1,Fiber optic,Month-to-month,79.25,79.25,Electronic check,Yes
Female,No,1,DSL,Month-to-month,44.9,44.9,Bank transfer (automatic),Yes
Male,No,10,Fiber optic,Month-to-month,70.1,659.65,Electronic check,Yes
Male,No,4,DSL,Month-to-month,29.65,118.5,Electronic check,Yes
Male,No,4,DSL,Month-to-month,54.3,195.3,Electronic check,Yes
Female,Yes,11,Fiber optic,Month-to-month,95.15,997.65,Bank transfer (automatic),Yes
Male,No,1,Fiber optic,Month-to-month,80.5,80.5,Electronic check,Yes
Male,No,4,Fiber optic,Month-to-month,72.2,305.55,Bank transfer (automatic),Yes
Female,No,5,Fiber optic,Month-to-month,85.75,470.95,Electronic check,Yes
Female,Yes,6,Fiber optic,Month-to-month,98.25,560.6,Electronic check,Yes
Female,Yes,1,DSL,Month-to-month,25.7,25.7,Mailed check,Yes
Female,No,7,Fiber optic,Month-to-month,69.0,506.9,Electronic check,Yes
Male,No,2,DSL,Month-to-month,46.05,80.35,Bank transfer (automatic),Yes
Female,Yes,1,Fiber optic,Month-to-month,76.4,76.4,Mailed check,Yes
Female,No,5,Fiber optic,Month-to-month,100.5,514.0,Electronic check,Yes
Male,No,1,Fiber optic,Month-to-month,69.95,69.95,Electronic check,Yes
Male,No,1,Fiber optic,Month-to-month,93.3,93.3,Electronic check,Yes
Male,No,3,DSL,Month-to-month,49.15,169.05,Electronic check,Yes
Female,No,1,DSL,Month-to-month,35.05,35.05,Mailed check,Yes
Female,Yes,1,Fiber optic,Month-to-month,73.0,73.0,Electronic check,Yes
Female,No,1,Fiber optic,Month-to-month,70.1,70.1,Electronic check,Yes
Female,Yes,2,Fiber optic,Month-to-month,70.65,142.35,Electronic check,Yes
Male,No,2,No,Month-to-month,20.35,33.2,Mailed check,Yes
Female,No,3,Fiber optic,Month-to-month,99.0,287.4,Credit card (automatic),Yes
Male,No,1,No,Month-to-month,19.7,19.7,Mailed check,Yes
Female,No,5,Fiber optic,Month-to-month,75.55,413.65,Electronic check,Yes
Female,No,9,Fiber optic,Month-to-month,77.65,714.15,Bank transfer (automatic),Yes
Male,No,2,Fiber optic,Month-to-month,95.85,197.7,Electronic check,Yes
Male,No,1,Fiber optic,Month-to-month,79.15,79.15,Electronic check,Yes
Female,No,4,Fiber optic,Month-to-month,79.0,303.15,Electronic check,Yes
Male,No,1,DSL,Month-to-month,49.9,49.9,Mailed check,Yes
Male,Yes,1,DSL,Month-to-month,49.25,49.25,Credit card (automatic),Yes
Female,No,1,No,Month-to-month,20.3,20.3,Mailed check,Yes
Male,Yes,7,Fiber optic,Month-to-month,101.95,700.85,Electronic check,Yes
Male,Yes,2,Fiber optic,Month-to-month,94.0,181.7,Electronic check,Yes
Female,No,1,Fiber optic,Month-to-month,74.3,74.3,Credit card (automatic),Yes
Male,No,1,DSL,Month-to-month,44.65,44.65,Mailed check,Yes
Male,No,10,Fiber optic,Month-to-month,80.7,788.8,Bank transfer (automatic),Yes
Male,No,4,Fiber optic,Month-to-month,101.7,364.55,Electronic check,Yes
Female,No,1,No,Month-to-month,20.4,20.4,Mailed check,Yes
Female,No,3,DSL,Month-to-month,55.1,154.65,Mailed check,Yes
Female,No,6,Fiber optic,Month-to-month,69.25,418.4,Mailed check,Yes
Male,No,1,DSL,Month-to-month,50.5,50.5,Electronic check,Yes
Male,Yes,1,Fiber optic,Month-to-month,74.4,74.4,Electronic check,Yes
Male,No,2,Fiber optic,Month-to-month,95.65,167.3,Electronic check,Yes
Female,No,1,Fiber optic,Month-to-month,94.4,94.4,Electronic check,Yes
Female,No,1,DSL,Month-to-month,55.0,55.0,Credit card (automatic),Yes
Male,No,1,Fiber optic,Month-to-month,101.45,101.45,Electronic check,Yes
Female,No,5,DSL,Month-to-month,67.95,350.3,Bank transfer (automatic),Yes
Female,No,1,Fiber optic,Month-to-month,69.5,69.5,Electronic check,Yes
Male,No,1,No,Month-to-month,18.85,18.85,Mailed check,Yes
Female,No,1,Fiber optic,Month-to-month,69.2,69.2,Electronic check,Yes
Male,No,1,Fiber optic,Month-to-month,69.65,69.65,Electronic check,Yes
Female,No,1,Fiber optic,Month-to-month,82.3,82.3,Electronic check,Yes
Male,No,3,Fiber optic,Month-to-month,79.25,267.6,Electronic check,Yes
Male,Yes,1,DSL,Month-to-month,25.05,25.05,Electronic check,Yes
Male,No,1,DSL,Month-to-month,48.95,48.95,Electronic check,Yes
Male,No,1,DSL,Month-to-month,45.3,45.3,Electronic check,Yes
Male,No,2,Fiber optic,Month-to-month,85.85,167.3,Electronic check,Yes
Male,No,10,Fiber optic,Month-to-month,95.2,930.4,Electronic check,Yes
Male,No,6,DSL,Month-to-month,55.3,324.25,Mailed check,Yes
Male,Yes,2,Fiber optic,Month-to-month,74.85,156.4,Mailed check,Yes
Male,No,2,Fiber optic,Month-to-month,79.85,152.45,Electronic check,Yes
Female,No,9,DSL,Month-to-month,74.65,703.55,Electronic check,Yes
Female,No,1,DSL,Month-to-month,56.25,56.25,Electronic check,Yes
Female,Yes,2,Fiber optic,Month-to-month,79.75,159.4,Bank transfer (automatic),Yes
Female,No,1,Fiber optic,Month-to-month,68.65,68.65,Electronic check,Yes
Female,No,1,Fiber optic,Month-to-month,70.85,70.85,Electronic check,Yes
Male,No,2,Fiber optic,Month-to-month,69.8,134.7,Credit card (automatic),Yes
Female,No,7,DSL,Month-to-month,70.75,450.8,Credit card (automatic),Yes
Female,No,3,DSL,Month-to-month,29.7,91.7,Credit card (automatic),Yes
Male,No,1,DSL,Month-to-month,25.3,25.3,Electronic check,Yes
Male,No,1,No,Month-to-month,20.1,20.1,Mailed check,Yes
Male,No,1,Fiber optic,Month-to-month,69.9,69.9,Mailed check,Yes
Male,No,1,Fiber optic,Month-to-month,80.8,80.8,Electronic check,Yes
Male,No,2,DSL,Month-to-month,62.05,118.3,Bank transfer (automatic),Yes
Male,Yes,1,Fiber optic,Month-to-month,76.45,76.45,Electronic check,Yes
Female,Yes,12,Fiber optic,Month-to-month,91.3,1094.5,Electronic check,Yes
Male,Yes,6,Fiber optic,Month-to-month,95.75,573.75,Electronic check,Yes
Female,No,1,Fiber optic,Month-to-month,74.5,74.5,Electronic check,Yes
Female,No,10,Fiber optic,Month-to-month,102.1,1068.85,Credit card (automatic),Yes
Female,No,7,Fiber optic,Month-to-month,86.5,582.5,Electronic check,Yes
Male,No,1,Fiber optic,Month-to-month,69.15,69.15,Electronic check,Yes
Female,No,9,Fiber optic,Month-to-month,79.55,723.4,Electronic check,Yes
Male,Yes,3,Fiber optic,Month-to-month,91.05,289.1,Electronic check,Yes
Female,Yes,2,Fiber optic,Month-to-month,79.2,172.85,Electronic check,Yes
Female,No,2,DSL,Month-to-month,45.25,85.5,Electronic check,Yes
Female,No,3,Fiber optic,Month-to-month,74.1,228.0,Credit card (automatic),Yes
Male,No,3,Fiber optic,Month-to-month,75.0,209.1,Mailed check,Yes
Female,Yes,2,Fiber optic,Month-to-month,70.75,154.85,Electronic check,Yes
Male,No,12,DSL,Month-to-month,50.25,593.75,Bank transfer (automatic),Yes
Female,No,12,Fiber optic,Month-to-month,96.0,1062.1,Electronic check,Yes
Female,No,4,DSL,Month-to-month,56.5,235.1,Mailed check,Yes
Female,Yes,1,Fiber optic,Month-to-month,85.0,85.0,Electronic check,Yes
Male,No,4,DSL,Month-to-month,49.4,184.4,Electronic check,Yes
Female,No,1,Fiber optic,Month-to-month,69.2,69.2,Electronic check,Yes
Male,No,3,Fiber optic,Month-to-month,69.65,220.1,Electronic check,Yes
Female,No,11,DSL,Month-to-month,48.55,501.0,Credit card (automatic),Yes
Female,No,1,No,Month-to-month,20.2,20.2,Mailed check,Yes
Male,No,2,DSL,Month-to-month,56.7,113.55,Mailed check,Yes
Male,Yes,4,Fiber optic,Month-to-month,74.95,308.7,Electronic check,Yes
Male,No,1,DSL,Month-to-month,50.35,50.35,Electronic check,Yes
Male,No,1,Fiber optic,Month-to-month,70.3,70.3,Electronic check,Yes
Male,No,7,Fiber optic,Month-to-month,86.8,620.35,Electronic check,Yes
Male,Yes,6,Fiber optic,Month-to-month,84.2,519.15,Electronic check,Yes
Female,No,11,Fiber optic,Month-to-month,100.75,1129.75,Electronic check,Yes
Female,No,9,Fiber optic,Month-to-month,91.75,865.8,Bank transfer (automatic),Yes
Female,No,1,Fiber optic,Month-to-month,79.55,79.55,Mailed check,Yes
Female,Yes,4,Fiber optic,Month-to-month,88.85,372.45,Electronic check,Yes
Female,Yes,3,DSL,Month-to-month,25.3,77.75,Electronic check,Yes
Male,No,1,Fiber optic,Month-to-month,95.45,95.45,Electronic check,Yes
Female,No,1,Fiber optic,Month-to-month,69.7,69.7,Bank transfer (automatic),Yes
Female,No,6,Fiber optic,Month-to-month,89.5,573.3,Electronic check,Yes
Male,No,3,DSL,Month-to-month,35.15,99.75,Electronic check,Yes
Male,No,12,Fiber optic,Month-to-month,73.75,871.4,Credit card (automatic),Yes
Female,Yes,8,Fiber optic,Month-to-month,101.35,780.5,Electronic check,Yes
Female,No,6,DSL,Month-to-month,55.9,365.35,Credit card (automatic),Yes
Male,Yes,3,Fiber optic,Month-to-month,105.9,334.65,Electronic check,Yes
Female,No,1,DSL,Month-to-month,43.95,43.95,Mailed check,Yes
Male,No,1,DSL,Month-to-month,45.1,45.1,Bank transfer (automatic),Yes
Male,No,9,DSL,Month-to-month,55.35,449.75,Electronic check,Yes
Male,No,1,Fiber optic,Month-to-month,69.35,69.35,Electronic check,Yes
Female,No,3,Fiber optic,Month-to-month,75.15,216.75,Credit card (automatic),Yes
Male,No,1,Fiber optic,Month-to-month,69.6,69.6,Electronic check,Yes
Male,No,5,Fiber optic,Month-to-month,80.15,385.0,Electronic check,Yes
Female,No,1,DSL,Month-to-month,30.5,30.5,Bank transfer (automatic),Yes
Male,No,1,No,Month-to-month,20.5,20.5,Mailed check,Yes
Male,No,4,Fiber optic,Month-to-month,74.35,265.35,Electronic check,Yes
Female,No,8,Fiber optic,Month-to-month,95.65,778.1,Bank transfer (automatic),Yes
Male,No,3,DSL,Month-to-month,35.45,106.85,Mailed check,Yes
Male,No,3,DSL,Month-to-month,49.9,130.1,Mailed check,Yes
Female,Yes,3,Fiber optic,Month-to-month,75.05,256.25,Credit card (automatic),Yes
Female,Yes,1,Fiber optic,Month-to-month,74.45,74.45,Electronic check,Yes
Female,No,4,DSL,Month-to-month,60.4,272.15,Mailed check,Yes
Male,No,1,Fiber optic,Month-to-month,70.65,70.65,Mailed check,Yes
Female,No,9,DSL,Month-to-month,44.2,403.35,Bank transfer (automatic),Yes
Male,Yes,1,Fiber optic,Month-to-month,75.75,75.75,Electronic check,Yes
Male,Yes,4,Fiber optic,Month-to-month,74.4,306.6,Mailed check,Yes
